Competitor,Primary focus,Live data,Charts,Options analytics,Fundamental research,Mutual funds,IPO coverage,Education,SEO/content scale,Monetization style,What to learn,What to avoid
StockEdge,All-in-one analytics app,Yes,Moderate,Yes,Yes,Yes,Limited,Yes via ELM access in higher plans,Moderate,Subscription,"Scans, market breadth, packaged analytics",Product breadth can feel busy and overwhelming
GoCharting,Trading charts and terminal workflow,Yes,Strong,Moderate,Light,No,No,Light,Low,Subscription,"Chart UX, strategy/formula charts, saved layouts",Weak SEO moat compared with content-heavy players
Definedge / Opstra,Options analysis and trading,Yes,Strong,Very strong,Moderate,No,No,Yes across the larger Definedge universe,Low,Broker-led subscription bundle,Best-in-class options workflows and trader-first tooling,Hardcore trader UX is not beginner friendly
OI Pulse,Open interest dashboards,Yes,Light,Strong,No,No,No,No,Low,Subscription,Single-purpose clarity for derivatives users,Narrow product scope
Options Scalping,Options education and trader tools,Some,Light,Moderate,No,No,No,Yes,Low,Course plus subscription,Community and trader education angle,Too dependent on personality-led trust
Elearnmarkets,"Courses, webinars and education",No,No,No,Limited,Limited,No,Very strong,Medium,Courses and memberships,Education library and upsell ladder,Weak daily product habit without tools
Screener,Fundamental research and screening,Delayed or not trading-led,Light,No,Very strong,No,No,Light,High,Premium subscription,"Clean UX, powerful screening, high trust",Not built for live traders
Tickertape,Retail investing research and discovery,Yes,Moderate,Light,Strong,Strong,Limited,Light,High,Pro subscription and broker ecosystem,Excellent stock page structure and portfolio context,Can feel broad without a strong trader edge
Groww,Broker plus distribution plus information,Yes,Moderate,Moderate,Moderate,Strong,Strong,Light,Very high,Brokerage and cross-sell,Mass-market distribution and page-level SEO,Research depth is thinner than specialist tools
INDmoney,Wealth app and stock discovery,Yes,Moderate,Light,Moderate,Some,Limited,Light,High,Cross-sell and platform monetization,Good consumer packaging of stock pages,Less differentiated for serious trading users
Dhan,Trading platform,Yes,Strong,Strong,Light,Some,Some,Light,Medium,Brokerage,Execution-led user experience,Traffic moat is weaker than pure content platforms
Sensibull,Options strategy builder,Yes,Moderate,Very strong,No,No,No,Yes through content,Medium,B2C plus broker partnerships,Strategy builder and payoff communication,Narrow category focus
Quantsapp,Options analytics,Yes,Moderate,Strong,No,No,No,Light,Low,Subscription,OI and options signal packaging,Weaker long-tail content engine
Streak,No-code strategy building and backtesting,Yes,Moderate,Moderate,No,No,No,Light,Low,Subscription,No-code automation angle,SEO and investment research are not the focus
AlgoTest,Options strategy backtesting,Some,Light,Strong,No,No,No,Light,Low,Subscription,Fast simulation-first workflow,Not a broad consumer platform
smallcase,Portfolio products and investing discovery,Yes,Light,No,Moderate,Strong,Some,Strong content layer,Very high,"Subscription, distribution and ecosystem revenue",Productized investment baskets and content scale,Not built around active trading
Zerodha IPO,IPO discovery and application,No,No,No,No,No,Very strong,Light,High,Broker acquisition,"Simple, trustworthy IPO UX",Narrow page depth
Chittorgarh,IPO information and archives,No,No,No,No,No,Very strong,Light,Very high,Ads and affiliate,Deep archive and IPO demand capture,Old-school UX and weak product upsell
