bucket_key,context_json,created_at,error_code,error_message,error_stage,fiscal_date,id,imported_at,job_id,job_item_id,raw_payload,stock_id,symbol,trade_date,updated_at
quote_latest,"{""moduleName"":""quote"",""requestUrl"":""https://query1.finance.yahoo.com/v7/finance/quote?symbols=RELIANCE.NS&formatted=false"",""rawImportId"":""8ab8bdab-5ff5-414a-aa34-c40136050990"",""requestType"":""quote_latest""}",2026-04-29T00:46:45.243+00:00,401,User is unable to access this feature - https://bit.ly/yahoo-finance-api-feedback,fetch,,087a56e5-60a7-4022-993a-e53bfc957c93,2026-04-29T00:46:45.243+00:00,8305be7e-8b0c-420b-b25e-2784e0d44b42,,"{""finance"":{""error"":{""code"":""Unauthorized"",""description"":""User is unable to access this feature - https://bit.ly/yahoo-finance-api-feedback""},""result"":null}}",1e0fab79-e038-4b74-a135-af61999090cd,RELIANCE,,2026-04-29T00:46:45.243+00:00
quote_statistics,"{""itemKey"":""1e0fab79-e038-4b74-a135-af61999090cd:quote_statistics"",""rowStatus"":""validated"",""actorEmail"":""amitbhawani@gmail.com"",""actionTaken"":""processing"",""duplicateMode"":""skip_existing_dates"",""importOnlyMissingData"":true}",2026-04-28T17:16:56.171+00:00,,"Yahoo Finance did not return a quote result for ""RELIANCE.NS"".",batch_worker,,0c849fcc-58af-4be6-a482-4fd1dda39855,2026-04-28T17:16:56.171+00:00,f2f940aa-0ec5-47fe-965b-a663825564c2,,"{""sourceKey"":""RELIANCE.NS"",""targetKey"":""reliance-industries"",""batchJobId"":""f2f940aa-0ec5-47fe-965b-a663825564c2"",""batchItemId"":""7320f519-b3cc-4e46-b44c-33030499e1ae""}",1e0fab79-e038-4b74-a135-af61999090cd,RELIANCE,,2026-04-28T17:16:56.171+00:00
financial_statements,"{""moduleName"":""incomeStatementHistory,incomeStatementHistoryQuarterly,balanceSheetHistory,balanceSheetHistoryQuarterly,cashflowStatementHistory,cashflowStatementHistoryQuarterly"",""requestUrl"":""https://query1.finance.yahoo.com/v10/finance/quoteSummary/RELIANCE.NS?modules=incomeStatementHistory%2CincomeStatementHistoryQuarterly%2CbalanceSheetHistory%2CbalanceSheetHistoryQuarterly%2CcashflowStatementHistory%2CcashflowStatementHistoryQuarterly&formatted=false&corsDomain=finance.yahoo.com"",""rawImportId"":""4baee9d8-2399-4982-9caa-80fc8788c6d5"",""requestType"":""financial_statements""}",2026-04-28T17:16:25.796+00:00,401,"Yahoo Finance did not return quote summary modules for ""RELIANCE.NS"".",fetch,,135de863-d6dd-48a4-b5d0-2c9c3ce49b20,2026-04-28T17:16:25.796+00:00,b6bda111-929f-4494-916f-b506d94db1e4,,"{""finance"":{""error"":{""code"":""Unauthorized"",""description"":""Invalid Crumb""},""result"":null}}",1e0fab79-e038-4b74-a135-af61999090cd,RELIANCE,,2026-04-28T17:16:25.796+00:00
financial_statements,"{""moduleName"":""incomeStatementHistory,incomeStatementHistoryQuarterly,balanceSheetHistory,balanceSheetHistoryQuarterly,cashflowStatementHistory,cashflowStatementHistoryQuarterly"",""requestUrl"":""https://query1.finance.yahoo.com/v10/finance/quoteSummary/RELIANCE.NS?modules=incomeStatementHistory%2CincomeStatementHistoryQuarterly%2CbalanceSheetHistory%2CbalanceSheetHistoryQuarterly%2CcashflowStatementHistory%2CcashflowStatementHistoryQuarterly&formatted=false&corsDomain=finance.yahoo.com"",""rawImportId"":""3fb27755-2334-40e7-967b-b5df8dde988a"",""requestType"":""financial_statements""}",2026-04-29T00:47:13.995+00:00,401,Invalid Crumb,fetch,,17ac39c9-9b46-4aea-b16e-45e57497bf7f,2026-04-29T00:47:13.995+00:00,5499d952-89c8-4fad-a98c-50ca9e78af5d,,"{""finance"":{""error"":{""code"":""Unauthorized"",""description"":""Invalid Crumb""},""result"":null}}",1e0fab79-e038-4b74-a135-af61999090cd,RELIANCE,,2026-04-29T00:47:13.995+00:00
financial_statements,"{""moduleName"":""incomeStatementHistory,incomeStatementHistoryQuarterly,balanceSheetHistory,balanceSheetHistoryQuarterly,cashflowStatementHistory,cashflowStatementHistoryQuarterly"",""requestUrl"":""https://query1.finance.yahoo.com/v10/finance/quoteSummary/RELIANCE.NS?modules=incomeStatementHistory%2CincomeStatementHistoryQuarterly%2CbalanceSheetHistory%2CbalanceSheetHistoryQuarterly%2CcashflowStatementHistory%2CcashflowStatementHistoryQuarterly&formatted=false&corsDomain=finance.yahoo.com"",""rawImportId"":""4250588b-0343-4873-b339-ee349ac5df0d"",""requestType"":""financial_statements""}",2026-04-29T00:47:24.044+00:00,401,Invalid Crumb,fetch,,19697664-cb68-45fb-97b5-0a7c8bd88c4d,2026-04-29T00:47:24.044+00:00,5499d952-89c8-4fad-a98c-50ca9e78af5d,,"{""finance"":{""error"":{""code"":""Unauthorized"",""description"":""Invalid Crumb""},""result"":null}}",1e0fab79-e038-4b74-a135-af61999090cd,RELIANCE,,2026-04-29T00:47:24.044+00:00
financial_statements,"{""moduleName"":""incomeStatementHistory,incomeStatementHistoryQuarterly,balanceSheetHistory,balanceSheetHistoryQuarterly,cashflowStatementHistory,cashflowStatementHistoryQuarterly"",""requestUrl"":""https://query1.finance.yahoo.com/v10/finance/quoteSummary/RELIANCE.NS?modules=incomeStatementHistory%2CincomeStatementHistoryQuarterly%2CbalanceSheetHistory%2CbalanceSheetHistoryQuarterly%2CcashflowStatementHistory%2CcashflowStatementHistoryQuarterly&formatted=false&corsDomain=finance.yahoo.com"",""rawImportId"":""5c7a4d5b-43a3-4f42-9905-a56fba1ea623"",""requestType"":""financial_statements""}",2026-04-29T00:47:15.828+00:00,401,Invalid Crumb,fetch,,25932bb5-3820-4d5e-891f-0100f2da0867,2026-04-29T00:47:15.828+00:00,5499d952-89c8-4fad-a98c-50ca9e78af5d,,"{""finance"":{""error"":{""code"":""Unauthorized"",""description"":""Invalid Crumb""},""result"":null}}",1e0fab79-e038-4b74-a135-af61999090cd,RELIANCE,,2026-04-29T00:47:15.828+00:00
valuation_statistics,"{""moduleName"":""summaryDetail,defaultKeyStatistics,financialData,price"",""requestUrl"":""https://query1.finance.yahoo.com/v10/finance/quoteSummary/RELIANCE.NS?modules=summaryDetail%2CdefaultKeyStatistics%2CfinancialData%2Cprice&formatted=false&corsDomain=finance.yahoo.com"",""rawImportId"":""4a88a115-598d-4f73-92f6-3f8fc035fa1c"",""requestType"":""quote_summary""}",2026-04-28T18:05:39.946+00:00,401,Invalid Crumb,fetch,,2c7cf7b2-2d93-477c-8a20-cd68b1ecd0f4,2026-04-28T18:05:39.946+00:00,36851626-dfbc-4d60-bf00-0d3bcdb0ff23,,"{""finance"":{""error"":{""code"":""Unauthorized"",""description"":""Invalid Crumb""},""result"":null}}",1e0fab79-e038-4b74-a135-af61999090cd,RELIANCE,,2026-04-28T18:05:39.946+00:00
quote_latest,"{""moduleName"":""quote"",""requestUrl"":""https://query1.finance.yahoo.com/v7/finance/quote?symbols=RELIANCE.NS&formatted=false"",""rawImportId"":""5b682947-d4b3-4f00-8d0b-80370b11baf2"",""requestType"":""quote_latest""}",2026-04-29T00:46:43.617+00:00,401,User is unable to access this feature - https://bit.ly/yahoo-finance-api-feedback,fetch,,36146afd-383b-48be-8d0c-4f142d137a9e,2026-04-29T00:46:43.617+00:00,8305be7e-8b0c-420b-b25e-2784e0d44b42,,"{""finance"":{""error"":{""code"":""Unauthorized"",""description"":""User is unable to access this feature - https://bit.ly/yahoo-finance-api-feedback""},""result"":null}}",1e0fab79-e038-4b74-a135-af61999090cd,RELIANCE,,2026-04-29T00:46:43.617+00:00
valuation_statistics,"{""moduleName"":""summaryDetail,defaultKeyStatistics,financialData,price"",""requestUrl"":""https://query1.finance.yahoo.com/v10/finance/quoteSummary/RELIANCE.NS?modules=summaryDetail%2CdefaultKeyStatistics%2CfinancialData%2Cprice&formatted=false&corsDomain=finance.yahoo.com"",""rawImportId"":""ed52ecb9-b36e-4803-a67e-0496b0d97c04"",""requestType"":""quote_summary""}",2026-04-28T18:05:42.711+00:00,401,Invalid Crumb,fetch,,36bcca89-83e2-4c60-b967-fa01a986a7fa,2026-04-28T18:05:42.711+00:00,36851626-dfbc-4d60-bf00-0d3bcdb0ff23,,"{""finance"":{""error"":{""code"":""Unauthorized"",""description"":""Invalid Crumb""},""result"":null}}",1e0fab79-e038-4b74-a135-af61999090cd,RELIANCE,,2026-04-28T18:05:42.711+00:00
financial_statements,"{""moduleName"":""incomeStatementHistory,incomeStatementHistoryQuarterly,balanceSheetHistory,balanceSheetHistoryQuarterly,cashflowStatementHistory,cashflowStatementHistoryQuarterly"",""requestUrl"":""https://query1.finance.yahoo.com/v10/finance/quoteSummary/RELIANCE.NS?modules=incomeStatementHistory%2CincomeStatementHistoryQuarterly%2CbalanceSheetHistory%2CbalanceSheetHistoryQuarterly%2CcashflowStatementHistory%2CcashflowStatementHistoryQuarterly&formatted=false&corsDomain=finance.yahoo.com"",""rawImportId"":""c73a3999-6634-411c-a569-462f0245e07b"",""requestType"":""financial_statements""}",2026-04-28T18:05:59.012+00:00,401,Invalid Crumb,fetch,,398a48ec-6200-4864-ae0e-eee1469ffa26,2026-04-28T18:05:59.012+00:00,b5566018-8d93-49b8-9428-867776813868,,"{""finance"":{""error"":{""code"":""Unauthorized"",""description"":""Invalid Crumb""},""result"":null}}",1e0fab79-e038-4b74-a135-af61999090cd,RELIANCE,,2026-04-28T18:05:59.012+00:00
quote_latest,"{""moduleName"":""quote"",""requestUrl"":""https://query1.finance.yahoo.com/v7/finance/quote?symbols=RELIANCE.NS&formatted=false"",""rawImportId"":""6a8f7cde-3b28-4788-af38-52b661394b4f"",""requestType"":""quote_latest""}",2026-04-28T17:16:44.319+00:00,401,"Yahoo Finance did not return a quote result for ""RELIANCE.NS"".",fetch,,45c4e3f1-4478-4e2e-a147-69c9de93e72e,2026-04-28T17:16:44.319+00:00,34dbf7ec-8bca-401d-a24b-017ca70e25c5,,"{""finance"":{""error"":{""code"":""Unauthorized"",""description"":""User is unable to access this feature - https://bit.ly/yahoo-finance-api-feedback""},""result"":null}}",1e0fab79-e038-4b74-a135-af61999090cd,RELIANCE,,2026-04-28T17:16:44.319+00:00
quote_latest,"{""moduleName"":""quote"",""requestUrl"":""https://query1.finance.yahoo.com/v7/finance/quote?symbols=RELIANCE.NS&formatted=false"",""rawImportId"":""6da3c7e9-2747-4c4b-aa97-0f277e5a4d85"",""requestType"":""quote_latest""}",2026-04-28T18:03:52.381+00:00,401,"Yahoo Finance did not return a quote result for ""RELIANCE.NS"".",fetch,,4f163a46-a5d4-4ce7-8691-32a10f184b0f,2026-04-28T18:03:52.381+00:00,7ac9aec8-98a2-4f61-9d28-90efed21538d,,"{""finance"":{""error"":{""code"":""Unauthorized"",""description"":""User is unable to access this feature - https://bit.ly/yahoo-finance-api-feedback""},""result"":null}}",1e0fab79-e038-4b74-a135-af61999090cd,RELIANCE,,2026-04-28T18:03:52.381+00:00
valuation_statistics,"{""moduleName"":""summaryDetail,defaultKeyStatistics,financialData,price"",""requestUrl"":""https://query1.finance.yahoo.com/v10/finance/quoteSummary/RELIANCE.NS?modules=summaryDetail%2CdefaultKeyStatistics%2CfinancialData%2Cprice&formatted=false&corsDomain=finance.yahoo.com"",""rawImportId"":""5475e7e7-14e3-4003-b137-c2d95202d306"",""requestType"":""quote_summary""}",2026-04-28T18:05:48.242+00:00,401,Invalid Crumb,fetch,,53cb4fd3-d0b4-4908-b1df-e85d34ad6872,2026-04-28T18:05:48.242+00:00,36851626-dfbc-4d60-bf00-0d3bcdb0ff23,,"{""finance"":{""error"":{""code"":""Unauthorized"",""description"":""Invalid Crumb""},""result"":null}}",1e0fab79-e038-4b74-a135-af61999090cd,RELIANCE,,2026-04-28T18:05:48.242+00:00
valuation_statistics,"{""moduleName"":""summaryDetail,defaultKeyStatistics,financialData,price"",""requestUrl"":""https://query1.finance.yahoo.com/v10/finance/quoteSummary/RELIANCE.NS?modules=summaryDetail%2CdefaultKeyStatistics%2CfinancialData%2Cprice&formatted=false&corsDomain=finance.yahoo.com"",""rawImportId"":""9536cfec-c2a8-4463-b566-153666fd6363"",""requestType"":""quote_summary""}",2026-04-28T18:05:38.221+00:00,401,Invalid Crumb,fetch,,5ae1c3c7-dd3b-41df-86d8-84e9b1ab501e,2026-04-28T18:05:38.221+00:00,36851626-dfbc-4d60-bf00-0d3bcdb0ff23,,"{""finance"":{""error"":{""code"":""Unauthorized"",""description"":""Invalid Crumb""},""result"":null}}",1e0fab79-e038-4b74-a135-af61999090cd,RELIANCE,,2026-04-28T18:05:38.221+00:00
quote_latest,"{""moduleName"":""quote"",""requestUrl"":""https://query1.finance.yahoo.com/v7/finance/quote?symbols=RELIANCE.NS&formatted=false"",""rawImportId"":""11c42712-3358-4ae0-948f-0db6e70777dd"",""requestType"":""quote_latest""}",2026-04-29T00:46:52.827+00:00,401,User is unable to access this feature - https://bit.ly/yahoo-finance-api-feedback,fetch,,60508847-3a6b-40bb-b0b5-390188a421d7,2026-04-29T00:46:52.827+00:00,8305be7e-8b0c-420b-b25e-2784e0d44b42,,"{""finance"":{""error"":{""code"":""Unauthorized"",""description"":""User is unable to access this feature - https://bit.ly/yahoo-finance-api-feedback""},""result"":null}}",1e0fab79-e038-4b74-a135-af61999090cd,RELIANCE,,2026-04-29T00:46:52.827+00:00
quote_latest,"{""moduleName"":""quote"",""requestUrl"":""https://query1.finance.yahoo.com/v7/finance/quote?symbols=RELIANCE.NS&formatted=false"",""rawImportId"":""aeffa4da-6b10-4b2c-8aac-c3bc0118023e"",""requestType"":""quote_latest""}",2026-04-29T00:46:47.849+00:00,401,User is unable to access this feature - https://bit.ly/yahoo-finance-api-feedback,fetch,,6481044f-bc70-4b3b-8745-6df4743f5a07,2026-04-29T00:46:47.849+00:00,8305be7e-8b0c-420b-b25e-2784e0d44b42,,"{""finance"":{""error"":{""code"":""Unauthorized"",""description"":""User is unable to access this feature - https://bit.ly/yahoo-finance-api-feedback""},""result"":null}}",1e0fab79-e038-4b74-a135-af61999090cd,RELIANCE,,2026-04-29T00:46:47.849+00:00
quote_latest,"{""moduleName"":""quote"",""requestUrl"":""https://query1.finance.yahoo.com/v7/finance/quote?symbols=RELIANCE.NS&formatted=false"",""rawImportId"":""5fa03e0b-448e-4abc-8d25-55a06c83a9c6"",""requestType"":""quote_latest""}",2026-04-28T17:15:55.266+00:00,401,"Yahoo Finance did not return a quote result for ""RELIANCE.NS"".",fetch,,655b3d54-2a2b-406d-9e4a-5f876ddb0713,2026-04-28T17:15:55.266+00:00,ce60cbfb-9a39-4319-8083-dd3c09ef2ff3,,"{""finance"":{""error"":{""code"":""Unauthorized"",""description"":""User is unable to access this feature - https://bit.ly/yahoo-finance-api-feedback""},""result"":null}}",1e0fab79-e038-4b74-a135-af61999090cd,RELIANCE,,2026-04-28T17:15:55.266+00:00
quote_latest,"{""moduleName"":""quote"",""requestUrl"":""https://query1.finance.yahoo.com/v7/finance/quote?symbols=RELIANCE.NS&formatted=false"",""rawImportId"":""10e0cf52-e97b-4947-8f0a-03fdcae0d983"",""requestType"":""quote_latest""}",2026-04-28T17:15:50.363+00:00,401,"Yahoo Finance did not return a quote result for ""RELIANCE.NS"".",fetch,,6733cc3c-b712-4b3c-bd54-58cf9000df8c,2026-04-28T17:15:50.363+00:00,ce60cbfb-9a39-4319-8083-dd3c09ef2ff3,,"{""finance"":{""error"":{""code"":""Unauthorized"",""description"":""User is unable to access this feature - https://bit.ly/yahoo-finance-api-feedback""},""result"":null}}",1e0fab79-e038-4b74-a135-af61999090cd,RELIANCE,,2026-04-28T17:15:50.363+00:00
quote_latest,"{""moduleName"":""quote"",""requestUrl"":""https://query1.finance.yahoo.com/v7/finance/quote?symbols=RELIANCE.NS&formatted=false"",""rawImportId"":""9b9d017c-1d43-4d02-83c8-b9be6ea1e89f"",""requestType"":""quote_latest""}",2026-04-28T18:05:25.449+00:00,401,User is unable to access this feature - https://bit.ly/yahoo-finance-api-feedback,fetch,,6a203bac-ee4b-4092-8a7a-ffadd9263b34,2026-04-28T18:05:25.449+00:00,36851626-dfbc-4d60-bf00-0d3bcdb0ff23,,"{""finance"":{""error"":{""code"":""Unauthorized"",""description"":""User is unable to access this feature - https://bit.ly/yahoo-finance-api-feedback""},""result"":null}}",1e0fab79-e038-4b74-a135-af61999090cd,RELIANCE,,2026-04-28T18:05:25.449+00:00
quote_latest,"{""moduleName"":""quote"",""requestUrl"":""https://query1.finance.yahoo.com/v7/finance/quote?symbols=RELIANCE.NS&formatted=false"",""rawImportId"":""9bd30159-0c42-40ea-ae04-63a6f9804c96"",""requestType"":""quote_latest""}",2026-04-28T17:16:54.734+00:00,401,"Yahoo Finance did not return a quote result for ""RELIANCE.NS"".",fetch,,6d27d22e-530a-448a-838d-c9953dfb7434,2026-04-28T17:16:54.734+00:00,34dbf7ec-8bca-401d-a24b-017ca70e25c5,,"{""finance"":{""error"":{""code"":""Unauthorized"",""description"":""User is unable to access this feature - https://bit.ly/yahoo-finance-api-feedback""},""result"":null}}",1e0fab79-e038-4b74-a135-af61999090cd,RELIANCE,,2026-04-28T17:16:54.734+00:00
valuation_statistics,"{""moduleName"":""summaryDetail,defaultKeyStatistics,financialData,price"",""requestUrl"":""https://query1.finance.yahoo.com/v10/finance/quoteSummary/RELIANCE.NS?modules=summaryDetail%2CdefaultKeyStatistics%2CfinancialData%2Cprice&formatted=false&corsDomain=finance.yahoo.com"",""rawImportId"":""b273d1d0-f89e-4fa1-b062-401436a14d5f"",""requestType"":""quote_summary""}",2026-04-29T00:46:56.505+00:00,401,Invalid Crumb,fetch,,70bca6e6-86bb-41f6-a3a1-b866feee1c47,2026-04-29T00:46:56.505+00:00,8305be7e-8b0c-420b-b25e-2784e0d44b42,,"{""finance"":{""error"":{""code"":""Unauthorized"",""description"":""Invalid Crumb""},""result"":null}}",1e0fab79-e038-4b74-a135-af61999090cd,RELIANCE,,2026-04-29T00:46:56.505+00:00
quote_statistics,"{""yahooSymbol"":""RELIANCE.NS""}",2026-04-28T17:10:40.133+00:00,,Could not save Yahoo valuation/statistics rows. Could not find the table 'public.stock_share_statistics' in the schema cache,normalize,,781021de-f1eb-4ce7-b158-5c8403ee3c37,2026-04-28T17:10:40.133+00:00,3368d2c4-e9be-4819-b180-b37278aa87ea,,{},1e0fab79-e038-4b74-a135-af61999090cd,RELIANCE,,2026-04-28T17:10:40.133+00:00
valuation_statistics,"{""moduleName"":""summaryDetail,defaultKeyStatistics,financialData,price"",""requestUrl"":""https://query1.finance.yahoo.com/v10/finance/quoteSummary/RELIANCE.NS?modules=summaryDetail%2CdefaultKeyStatistics%2CfinancialData%2Cprice&formatted=false&corsDomain=finance.yahoo.com"",""rawImportId"":""62b063d4-050b-44a9-8987-1f24f2c173ad"",""requestType"":""quote_summary""}",2026-04-29T00:47:05.795+00:00,401,Invalid Crumb,fetch,,824ebba8-2693-4fec-bc2a-4eb32a273d78,2026-04-29T00:47:05.795+00:00,8305be7e-8b0c-420b-b25e-2784e0d44b42,,"{""finance"":{""error"":{""code"":""Unauthorized"",""description"":""Invalid Crumb""},""result"":null}}",1e0fab79-e038-4b74-a135-af61999090cd,RELIANCE,,2026-04-29T00:47:05.795+00:00
quote_latest,"{""moduleName"":""quote"",""requestUrl"":""https://query1.finance.yahoo.com/v7/finance/quote?symbols=RELIANCE.NS&formatted=false"",""rawImportId"":""743236ea-6fd7-4edc-9bf7-cd2490450631"",""requestType"":""quote_latest""}",2026-04-28T17:16:46.171+00:00,401,"Yahoo Finance did not return a quote result for ""RELIANCE.NS"".",fetch,,89d58cdf-0baa-4edf-bb72-6c35a983176e,2026-04-28T17:16:46.171+00:00,34dbf7ec-8bca-401d-a24b-017ca70e25c5,,"{""finance"":{""error"":{""code"":""Unauthorized"",""description"":""User is unable to access this feature - https://bit.ly/yahoo-finance-api-feedback""},""result"":null}}",1e0fab79-e038-4b74-a135-af61999090cd,RELIANCE,,2026-04-28T17:16:46.171+00:00
quote_statistics,"{""yahooSymbol"":""RELIANCE.NS""}",2026-04-28T17:16:55.637+00:00,,"Yahoo Finance did not return a quote result for ""RELIANCE.NS"".",normalize,,90aae394-925b-417b-9dea-6cc98e6c1d8c,2026-04-28T17:16:55.637+00:00,34dbf7ec-8bca-401d-a24b-017ca70e25c5,,{},1e0fab79-e038-4b74-a135-af61999090cd,RELIANCE,,2026-04-28T17:16:55.637+00:00
financial_statements,"{""moduleName"":""incomeStatementHistory,incomeStatementHistoryQuarterly,balanceSheetHistory,balanceSheetHistoryQuarterly,cashflowStatementHistory,cashflowStatementHistoryQuarterly"",""requestUrl"":""https://query1.finance.yahoo.com/v10/finance/quoteSummary/RELIANCE.NS?modules=incomeStatementHistory%2CincomeStatementHistoryQuarterly%2CbalanceSheetHistory%2CbalanceSheetHistoryQuarterly%2CcashflowStatementHistory%2CcashflowStatementHistoryQuarterly&formatted=false&corsDomain=finance.yahoo.com"",""rawImportId"":""b544cdcb-f52a-499f-b68b-9894f795c019"",""requestType"":""financial_statements""}",2026-04-28T17:16:27.589+00:00,401,"Yahoo Finance did not return quote summary modules for ""RELIANCE.NS"".",fetch,,93a7cac3-a3d7-4a26-9c63-4e8e3880529b,2026-04-28T17:16:27.589+00:00,b6bda111-929f-4494-916f-b506d94db1e4,,"{""finance"":{""error"":{""code"":""Unauthorized"",""description"":""Invalid Crumb""},""result"":null}}",1e0fab79-e038-4b74-a135-af61999090cd,RELIANCE,,2026-04-28T17:16:27.589+00:00
quote_latest,"{""moduleName"":""quote"",""requestUrl"":""https://query1.finance.yahoo.com/v7/finance/quote?symbols=RELIANCE.NS&formatted=false"",""rawImportId"":""8c1a1148-2574-4156-bf83-88da2ac7352f"",""requestType"":""quote_latest""}",2026-04-28T18:05:28.21+00:00,401,User is unable to access this feature - https://bit.ly/yahoo-finance-api-feedback,fetch,,9d2a32fa-52c9-4455-9406-c516c636a626,2026-04-28T18:05:28.21+00:00,36851626-dfbc-4d60-bf00-0d3bcdb0ff23,,"{""finance"":{""error"":{""code"":""Unauthorized"",""description"":""User is unable to access this feature - https://bit.ly/yahoo-finance-api-feedback""},""result"":null}}",1e0fab79-e038-4b74-a135-af61999090cd,RELIANCE,,2026-04-28T18:05:28.21+00:00
financial_statements,"{""itemKey"":""1e0fab79-e038-4b74-a135-af61999090cd:financial_statements"",""rowStatus"":""validated"",""actorEmail"":""amitbhawani@gmail.com"",""actionTaken"":""processing"",""duplicateMode"":""skip_existing_dates"",""importOnlyMissingData"":true}",2026-04-28T17:16:37.559+00:00,,"Yahoo Finance did not return quote summary modules for ""RELIANCE.NS"".",batch_worker,,9ef9f205-7e8e-4387-adce-f3e611ad0118,2026-04-28T17:16:37.559+00:00,f2f940aa-0ec5-47fe-965b-a663825564c2,,"{""sourceKey"":""RELIANCE.NS"",""targetKey"":""reliance-industries"",""batchJobId"":""f2f940aa-0ec5-47fe-965b-a663825564c2"",""batchItemId"":""e23ca1b2-cc66-4a42-bdbb-62ba1ac35340""}",1e0fab79-e038-4b74-a135-af61999090cd,RELIANCE,,2026-04-28T17:16:37.559+00:00
quote_statistics,"{""yahooSymbol"":""RELIANCE.NS""}",2026-04-28T17:16:02.073+00:00,,"Yahoo Finance did not return a quote result for ""RELIANCE.NS"".",normalize,,9f26a02d-2b2f-4a99-9181-97fa3c3459db,2026-04-28T17:16:02.073+00:00,ce60cbfb-9a39-4319-8083-dd3c09ef2ff3,,{},1e0fab79-e038-4b74-a135-af61999090cd,RELIANCE,,2026-04-28T17:16:02.073+00:00
quote_latest,"{""moduleName"":""quote"",""requestUrl"":""https://query1.finance.yahoo.com/v7/finance/quote?symbols=RELIANCE.NS&formatted=false"",""rawImportId"":""c21b8b45-29b8-42db-a651-9644f59944ed"",""requestType"":""quote_latest""}",2026-04-28T18:05:23.725+00:00,401,User is unable to access this feature - https://bit.ly/yahoo-finance-api-feedback,fetch,,9f2ba502-ee95-4029-b9c0-890697de8f1b,2026-04-28T18:05:23.725+00:00,36851626-dfbc-4d60-bf00-0d3bcdb0ff23,,"{""finance"":{""error"":{""code"":""Unauthorized"",""description"":""User is unable to access this feature - https://bit.ly/yahoo-finance-api-feedback""},""result"":null}}",1e0fab79-e038-4b74-a135-af61999090cd,RELIANCE,,2026-04-28T18:05:23.725+00:00
financial_statements,"{""moduleName"":""incomeStatementHistory,incomeStatementHistoryQuarterly,balanceSheetHistory,balanceSheetHistoryQuarterly,cashflowStatementHistory,cashflowStatementHistoryQuarterly"",""requestUrl"":""https://query1.finance.yahoo.com/v10/finance/quoteSummary/RELIANCE.NS?modules=incomeStatementHistory%2CincomeStatementHistoryQuarterly%2CbalanceSheetHistory%2CbalanceSheetHistoryQuarterly%2CcashflowStatementHistory%2CcashflowStatementHistoryQuarterly&formatted=false&corsDomain=finance.yahoo.com"",""rawImportId"":""775d3860-836b-4332-8bd1-ca4048f5a30e"",""requestType"":""financial_statements""}",2026-04-28T18:05:57.267+00:00,401,Invalid Crumb,fetch,,a66e6659-10ed-42de-a80e-97fd667fb1eb,2026-04-28T18:05:57.267+00:00,b5566018-8d93-49b8-9428-867776813868,,"{""finance"":{""error"":{""code"":""Unauthorized"",""description"":""Invalid Crumb""},""result"":null}}",1e0fab79-e038-4b74-a135-af61999090cd,RELIANCE,,2026-04-28T18:05:57.267+00:00
quote_latest,"{""moduleName"":""quote"",""requestUrl"":""https://query1.finance.yahoo.com/v7/finance/quote?symbols=RELIANCE.NS&formatted=false"",""rawImportId"":""399d64db-c9da-448f-8b7e-acb012647025"",""requestType"":""quote_latest""}",2026-04-28T17:16:01.478+00:00,401,"Yahoo Finance did not return a quote result for ""RELIANCE.NS"".",fetch,,a7feaddf-132a-467c-8609-2541a121f275,2026-04-28T17:16:01.478+00:00,ce60cbfb-9a39-4319-8083-dd3c09ef2ff3,,"{""finance"":{""error"":{""code"":""Unauthorized"",""description"":""User is unable to access this feature - https://bit.ly/yahoo-finance-api-feedback""},""result"":null}}",1e0fab79-e038-4b74-a135-af61999090cd,RELIANCE,,2026-04-28T17:16:01.478+00:00
quote_latest,"{""moduleName"":""quote"",""requestUrl"":""https://query1.finance.yahoo.com/v7/finance/quote?symbols=RELIANCE.NS&formatted=false"",""rawImportId"":""1ee1fb2b-05d6-47c8-94be-13b5fb370a30"",""requestType"":""quote_latest""}",2026-04-28T18:05:33.82+00:00,401,User is unable to access this feature - https://bit.ly/yahoo-finance-api-feedback,fetch,,a88ae2a1-f505-42d1-b391-a1f2eb44cda6,2026-04-28T18:05:33.82+00:00,36851626-dfbc-4d60-bf00-0d3bcdb0ff23,,"{""finance"":{""error"":{""code"":""Unauthorized"",""description"":""User is unable to access this feature - https://bit.ly/yahoo-finance-api-feedback""},""result"":null}}",1e0fab79-e038-4b74-a135-af61999090cd,RELIANCE,,2026-04-28T18:05:33.82+00:00
valuation_statistics,"{""moduleName"":""summaryDetail,defaultKeyStatistics,financialData,price"",""requestUrl"":""https://query1.finance.yahoo.com/v10/finance/quoteSummary/RELIANCE.NS?modules=summaryDetail%2CdefaultKeyStatistics%2CfinancialData%2Cprice&formatted=false&corsDomain=finance.yahoo.com"",""rawImportId"":""04a8ddce-f77e-469c-8c5b-ed657f5e9992"",""requestType"":""quote_summary""}",2026-04-29T00:46:58.126+00:00,401,Invalid Crumb,fetch,,ab55e882-f317-4baa-af25-7627113aed79,2026-04-29T00:46:58.126+00:00,8305be7e-8b0c-420b-b25e-2784e0d44b42,,"{""finance"":{""error"":{""code"":""Unauthorized"",""description"":""Invalid Crumb""},""result"":null}}",1e0fab79-e038-4b74-a135-af61999090cd,RELIANCE,,2026-04-29T00:46:58.126+00:00
financial_statements,"{""moduleName"":""incomeStatementHistory,incomeStatementHistoryQuarterly,balanceSheetHistory,balanceSheetHistoryQuarterly,cashflowStatementHistory,cashflowStatementHistoryQuarterly"",""requestUrl"":""https://query1.finance.yahoo.com/v10/finance/quoteSummary/RELIANCE.NS?modules=incomeStatementHistory%2CincomeStatementHistoryQuarterly%2CbalanceSheetHistory%2CbalanceSheetHistoryQuarterly%2CcashflowStatementHistory%2CcashflowStatementHistoryQuarterly&formatted=false&corsDomain=finance.yahoo.com"",""rawImportId"":""119e225e-c4c9-418e-81ed-048f11285a51"",""requestType"":""financial_statements""}",2026-04-28T17:16:30.39+00:00,401,"Yahoo Finance did not return quote summary modules for ""RELIANCE.NS"".",fetch,,bf23d964-f4a2-4570-8e90-cc732aee809e,2026-04-28T17:16:30.39+00:00,b6bda111-929f-4494-916f-b506d94db1e4,,"{""finance"":{""error"":{""code"":""Unauthorized"",""description"":""Invalid Crumb""},""result"":null}}",1e0fab79-e038-4b74-a135-af61999090cd,RELIANCE,,2026-04-28T17:16:30.39+00:00
quote_latest,"{""moduleName"":""quote"",""requestUrl"":""https://query1.finance.yahoo.com/v7/finance/quote?symbols=RELIANCE.NS&formatted=false"",""rawImportId"":""e73ad3de-7957-4715-9777-11d5da4865ef"",""requestType"":""quote_latest""}",2026-04-28T18:03:49.684+00:00,401,"Yahoo Finance did not return a quote result for ""RELIANCE.NS"".",fetch,,c132b8eb-72d9-49f6-82ac-ded984c79a61,2026-04-28T18:03:49.684+00:00,7ac9aec8-98a2-4f61-9d28-90efed21538d,,"{""finance"":{""error"":{""code"":""Unauthorized"",""description"":""User is unable to access this feature - https://bit.ly/yahoo-finance-api-feedback""},""result"":null}}",1e0fab79-e038-4b74-a135-af61999090cd,RELIANCE,,2026-04-28T18:03:49.684+00:00
financial_statements,"{""moduleName"":""incomeStatementHistory,incomeStatementHistoryQuarterly,balanceSheetHistory,balanceSheetHistoryQuarterly,cashflowStatementHistory,cashflowStatementHistoryQuarterly"",""requestUrl"":""https://query1.finance.yahoo.com/v10/finance/quoteSummary/RELIANCE.NS?modules=incomeStatementHistory%2CincomeStatementHistoryQuarterly%2CbalanceSheetHistory%2CbalanceSheetHistoryQuarterly%2CcashflowStatementHistory%2CcashflowStatementHistoryQuarterly&formatted=false&corsDomain=finance.yahoo.com"",""rawImportId"":""524e01f0-4467-4b84-810b-a5ead80d9720"",""requestType"":""financial_statements""}",2026-04-28T17:16:36.391+00:00,401,"Yahoo Finance did not return quote summary modules for ""RELIANCE.NS"".",fetch,,c62a25d8-49ab-4921-aed6-a62aa789213c,2026-04-28T17:16:36.391+00:00,b6bda111-929f-4494-916f-b506d94db1e4,,"{""finance"":{""error"":{""code"":""Unauthorized"",""description"":""Invalid Crumb""},""result"":null}}",1e0fab79-e038-4b74-a135-af61999090cd,RELIANCE,,2026-04-28T17:16:36.391+00:00
quote_latest,"{""moduleName"":""quote"",""requestUrl"":""https://query1.finance.yahoo.com/v7/finance/quote?symbols=RELIANCE.NS&formatted=false"",""rawImportId"":""f66545cf-f622-4f0c-a7d4-8ee971f1e6c2"",""requestType"":""quote_latest""}",2026-04-28T17:16:48.99+00:00,401,"Yahoo Finance did not return a quote result for ""RELIANCE.NS"".",fetch,,c7d37fa6-3969-4d7a-9e8a-8cc2e82df985,2026-04-28T17:16:48.99+00:00,34dbf7ec-8bca-401d-a24b-017ca70e25c5,,"{""finance"":{""error"":{""code"":""Unauthorized"",""description"":""User is unable to access this feature - https://bit.ly/yahoo-finance-api-feedback""},""result"":null}}",1e0fab79-e038-4b74-a135-af61999090cd,RELIANCE,,2026-04-28T17:16:48.99+00:00
financial_statements,"{""moduleName"":""incomeStatementHistory,incomeStatementHistoryQuarterly,balanceSheetHistory,balanceSheetHistoryQuarterly,cashflowStatementHistory,cashflowStatementHistoryQuarterly"",""requestUrl"":""https://query1.finance.yahoo.com/v10/finance/quoteSummary/RELIANCE.NS?modules=incomeStatementHistory%2CincomeStatementHistoryQuarterly%2CbalanceSheetHistory%2CbalanceSheetHistoryQuarterly%2CcashflowStatementHistory%2CcashflowStatementHistoryQuarterly&formatted=false&corsDomain=finance.yahoo.com"",""rawImportId"":""302f97e1-aa39-4258-92a8-7bb038a7de94"",""requestType"":""financial_statements""}",2026-04-28T18:06:07.29+00:00,401,Invalid Crumb,fetch,,c8859d29-9183-41ab-81c6-3677fa2660f0,2026-04-28T18:06:07.29+00:00,b5566018-8d93-49b8-9428-867776813868,,"{""finance"":{""error"":{""code"":""Unauthorized"",""description"":""Invalid Crumb""},""result"":null}}",1e0fab79-e038-4b74-a135-af61999090cd,RELIANCE,,2026-04-28T18:06:07.29+00:00
financial_statements,"{""rawImportId"":null,""yahooSymbol"":""RELIANCE.NS""}",2026-04-28T17:16:36.982+00:00,,"Yahoo Finance did not return quote summary modules for ""RELIANCE.NS"".",normalize,,ca674584-aa6d-423a-a7ae-14d8b8c00618,2026-04-28T17:16:36.982+00:00,b6bda111-929f-4494-916f-b506d94db1e4,,{},1e0fab79-e038-4b74-a135-af61999090cd,RELIANCE,,2026-04-28T17:16:36.982+00:00
valuation_statistics,"{""moduleName"":""summaryDetail,defaultKeyStatistics,financialData,price"",""requestUrl"":""https://query1.finance.yahoo.com/v10/finance/quoteSummary/RELIANCE.NS?modules=summaryDetail%2CdefaultKeyStatistics%2CfinancialData%2Cprice&formatted=false&corsDomain=finance.yahoo.com"",""rawImportId"":""18216b15-5421-4060-b337-6c10a7f6ff27"",""requestType"":""quote_summary""}",2026-04-29T00:47:00.761+00:00,401,Invalid Crumb,fetch,,cabc0859-a129-4fd6-8afd-db5c83ffc3d9,2026-04-29T00:47:00.761+00:00,8305be7e-8b0c-420b-b25e-2784e0d44b42,,"{""finance"":{""error"":{""code"":""Unauthorized"",""description"":""Invalid Crumb""},""result"":null}}",1e0fab79-e038-4b74-a135-af61999090cd,RELIANCE,,2026-04-29T00:47:00.761+00:00
financial_statements,"{""moduleName"":""incomeStatementHistory,incomeStatementHistoryQuarterly,balanceSheetHistory,balanceSheetHistoryQuarterly,cashflowStatementHistory,cashflowStatementHistoryQuarterly"",""requestUrl"":""https://query1.finance.yahoo.com/v10/finance/quoteSummary/RELIANCE.NS?modules=incomeStatementHistory%2CincomeStatementHistoryQuarterly%2CbalanceSheetHistory%2CbalanceSheetHistoryQuarterly%2CcashflowStatementHistory%2CcashflowStatementHistoryQuarterly&formatted=false&corsDomain=finance.yahoo.com"",""rawImportId"":""7adbe974-f317-48ce-997b-b3991421f503"",""requestType"":""financial_statements""}",2026-04-29T00:47:18.504+00:00,401,Invalid Crumb,fetch,,cfdd5f53-271e-478c-aaba-96fff24cf4fd,2026-04-29T00:47:18.504+00:00,5499d952-89c8-4fad-a98c-50ca9e78af5d,,"{""finance"":{""error"":{""code"":""Unauthorized"",""description"":""Invalid Crumb""},""result"":null}}",1e0fab79-e038-4b74-a135-af61999090cd,RELIANCE,,2026-04-29T00:47:18.504+00:00
financial_statements,"{""moduleName"":""incomeStatementHistory,incomeStatementHistoryQuarterly,balanceSheetHistory,balanceSheetHistoryQuarterly,cashflowStatementHistory,cashflowStatementHistoryQuarterly"",""requestUrl"":""https://query1.finance.yahoo.com/v10/finance/quoteSummary/RELIANCE.NS?modules=incomeStatementHistory%2CincomeStatementHistoryQuarterly%2CbalanceSheetHistory%2CbalanceSheetHistoryQuarterly%2CcashflowStatementHistory%2CcashflowStatementHistoryQuarterly&formatted=false&corsDomain=finance.yahoo.com"",""rawImportId"":""55ae64d1-5e91-4a4a-b913-fb66bd1c3f0d"",""requestType"":""financial_statements""}",2026-04-28T18:06:01.905+00:00,401,Invalid Crumb,fetch,,df9c2e28-45c2-42c1-b8b2-f530ead3e39e,2026-04-28T18:06:01.905+00:00,b5566018-8d93-49b8-9428-867776813868,,"{""finance"":{""error"":{""code"":""Unauthorized"",""description"":""Invalid Crumb""},""result"":null}}",1e0fab79-e038-4b74-a135-af61999090cd,RELIANCE,,2026-04-28T18:06:01.905+00:00
quote_statistics,"{""yahooSymbol"":""RELIANCE.NS""}",2026-04-28T17:11:32.716+00:00,,Could not save Yahoo valuation/statistics rows. Could not find the table 'public.stock_share_statistics' in the schema cache,normalize,,e0b88b16-c2ed-4198-be9e-488fb5ca7b83,2026-04-28T17:11:32.716+00:00,0a6e9ec4-e37f-4c05-9feb-8bec7b932806,,{},1e0fab79-e038-4b74-a135-af61999090cd,RELIANCE,,2026-04-28T17:11:32.716+00:00
quote_latest,"{""moduleName"":""quote"",""requestUrl"":""https://query1.finance.yahoo.com/v7/finance/quote?symbols=RELIANCE.NS&formatted=false"",""rawImportId"":""cdd9852f-8315-4936-879b-b81e8dc37ae2"",""requestType"":""quote_latest""}",2026-04-28T17:15:52.573+00:00,401,"Yahoo Finance did not return a quote result for ""RELIANCE.NS"".",fetch,,e1f25f0a-d4d8-461f-9348-506e80a936c7,2026-04-28T17:15:52.573+00:00,ce60cbfb-9a39-4319-8083-dd3c09ef2ff3,,"{""finance"":{""error"":{""code"":""Unauthorized"",""description"":""User is unable to access this feature - https://bit.ly/yahoo-finance-api-feedback""},""result"":null}}",1e0fab79-e038-4b74-a135-af61999090cd,RELIANCE,,2026-04-28T17:15:52.573+00:00
quote_statistics,"{""yahooSymbol"":""RELIANCE.NS""}",2026-04-28T18:03:58.489+00:00,,"Yahoo Finance did not return a quote result for ""RELIANCE.NS"".",normalize,,e831ecdd-ce4d-497a-bba6-e01bb7a90b2c,2026-04-28T18:03:58.489+00:00,7ac9aec8-98a2-4f61-9d28-90efed21538d,,{},1e0fab79-e038-4b74-a135-af61999090cd,RELIANCE,,2026-04-28T18:03:58.489+00:00
quote_latest,"{""moduleName"":""quote"",""requestUrl"":""https://query1.finance.yahoo.com/v7/finance/quote?symbols=RELIANCE.NS&formatted=false"",""rawImportId"":""cc3ded7b-47e8-46a9-9039-d84e8b2401fa"",""requestType"":""quote_latest""}",2026-04-28T18:03:57.899+00:00,401,"Yahoo Finance did not return a quote result for ""RELIANCE.NS"".",fetch,,ee2503e9-c451-474f-a125-6304879e6ea0,2026-04-28T18:03:57.899+00:00,7ac9aec8-98a2-4f61-9d28-90efed21538d,,"{""finance"":{""error"":{""code"":""Unauthorized"",""description"":""User is unable to access this feature - https://bit.ly/yahoo-finance-api-feedback""},""result"":null}}",1e0fab79-e038-4b74-a135-af61999090cd,RELIANCE,,2026-04-28T18:03:57.899+00:00
quote_latest,"{""moduleName"":""quote"",""requestUrl"":""https://query1.finance.yahoo.com/v7/finance/quote?symbols=RELIANCE.NS&formatted=false"",""rawImportId"":""093fbd0f-b88a-4a22-8c63-a5d6de46f6e7"",""requestType"":""quote_latest""}",2026-04-28T18:03:47.814+00:00,401,"Yahoo Finance did not return a quote result for ""RELIANCE.NS"".",fetch,,f9f194a6-e4f7-4916-b43e-6f09dc714832,2026-04-28T18:03:47.814+00:00,7ac9aec8-98a2-4f61-9d28-90efed21538d,,"{""finance"":{""error"":{""code"":""Unauthorized"",""description"":""User is unable to access this feature - https://bit.ly/yahoo-finance-api-feedback""},""result"":null}}",1e0fab79-e038-4b74-a135-af61999090cd,RELIANCE,,2026-04-28T18:03:47.814+00:00
